feature,importance
num__symptoms_score,0.68197809501833
cat__rs4988235_genotype_CT,0.09848423031790374
num__dairy_intake_per_week,0.07623459231361102
cat__rs4988235_genotype_TT,0.0699193501380157
num__age,0.060463681838934545
num__family_history,0.01292005037320515
