feature,importance
num__symptoms_score,0.7223256397624036
cat__rs4988235_genotype_CT,0.09000920191318551
num__dairy_intake_per_week,0.064326716104964
cat__rs4988235_genotype_TT,0.058053133126104633
num__age,0.05029446881845177
num__family_history,0.014990840274890492
