feature_set,model,accuracy,precision,recall,f1
Without symptoms_score,Dummy Classifier,0.505,0.505,1.0,0.6710963455149501
Without symptoms_score,Logistic Regression,0.795,0.8260869565217391,0.7524752475247525,0.7875647668393783
Without symptoms_score,Decision Tree,0.65,0.6631578947368421,0.6237623762376238,0.6428571428571429
Without symptoms_score,Random Forest,0.755,0.7708333333333334,0.7326732673267327,0.751269035532995
With symptoms_score,Dummy Classifier,0.505,0.505,1.0,0.6710963455149501
With symptoms_score,Logistic Regression,0.94,0.9405940594059405,0.9405940594059405,0.9405940594059405
With symptoms_score,Decision Tree,0.9,0.9175257731958762,0.8811881188118812,0.898989898989899
With symptoms_score,Random Forest,0.925,0.9387755102040817,0.9108910891089109,0.9246231155778895
