model,accuracy,precision,recall,f1
Dummy Classifier,0.63,0.63,1.0,0.7730061349693251
Logistic Regression,0.945,0.96,0.9523809523809523,0.9561752988047809
Decision Tree,0.835,0.8974358974358975,0.8333333333333334,0.8641975308641975
Random Forest,0.935,0.959349593495935,0.9365079365079365,0.9477911646586346
