feature_set,model,accuracy,precision,recall,f1
Without symptoms_score,Dummy Classifier,0.515,0.515,1.0,0.6798679867986799
Without symptoms_score,Logistic Regression,0.82,0.8941176470588236,0.7378640776699029,0.8085106382978723
Without symptoms_score,Decision Tree,0.7,0.7216494845360825,0.6796116504854369,0.7
Without symptoms_score,Random Forest,0.765,0.7857142857142857,0.7475728155339806,0.7661691542288557
With symptoms_score,Dummy Classifier,0.515,0.515,1.0,0.6798679867986799
With symptoms_score,Logistic Regression,0.955,0.9519230769230769,0.9611650485436893,0.9565217391304348
With symptoms_score,Decision Tree,0.93,0.9238095238095239,0.941747572815534,0.9326923076923077
With symptoms_score,Random Forest,0.955,0.9519230769230769,0.9611650485436893,0.9565217391304348
