model,accuracy,precision,recall,f1
Dummy Classifier,0.515,0.515,1.0,0.6798679867986799
Logistic Regression,0.955,0.9519230769230769,0.9611650485436893,0.9565217391304348
Decision Tree,0.93,0.9238095238095239,0.941747572815534,0.9326923076923077
Random Forest,0.955,0.9519230769230769,0.9611650485436893,0.9565217391304348
